标题,链接,来源
神十六发射任务圆满成功,https://m.163.com/all/article/I5UOAU280008856R.html,新华社
牛弹琴：琉球到底属于谁 中国应该和日本好好谈谈,https://m.163.com/all/article/I5VGSI170008856R.html,上观新闻
"媒体：中国防长李尚福将赴""香会"" 激烈交锋在所难免",https://m.163.com/all/article/I5UOAQIL0008856R.html,环球网资讯
"年近70岁的""老虎""被查:1个月前频频露面 系赵正永下属",https://m.163.com/all/article/I5UOANGE0008856R.html,政知新媒体
"俄乌开出停火条件各有4项诉求 乌方要求""引渡战犯""",https://m.163.com/all/article/I5TFE571000884ML.html,直新闻
上百台收割机无法下高速被指延误收麦子 麦农发声,https://m.163.com/all/article/I5UDT2DS0008856R.html,潇湘晨报
东海航空机长与乘务员互殴进展：检方决定不起诉机长,https://m.163.com/v/video/VK5062DCF.html,上游新闻
基辅一枚爱国者导弹冒着烟从天而降 差点轰中巴士 ,https://m.163.com/all/article/I5TDVKA90008991U.html,鹰击长空
实拍基辅乌军发射爱国者拦截俄导弹 弹道清晰可见,https://m.163.com/all/article/FBUM3MAE00019CGR.html,门卫秦大爷看世界
上海一大爷把地铁扶手当售卖机 扫完码纳闷咋不出东西,https://m.163.com/all/article/F2D1LHR50545055K.html,小易热线
神十六航天员迎着朝阳出征 桂海潮没戴眼镜,https://m.163.com/all/article/F099D81K0523CDN4.html,海外网
男子乘机滞留商务舱不想走 动手拉扯空姐衣领,https://m.163.com/all/article/F07SEHJ40514E5GI.html,木兰轶事
神舟十六号载人飞船发射升空 桂海潮：坐火箭太爽了 ,https://m.163.com/all/article/EO9VUB6Q052384RH.html,小易热线
神舟十六号发射现场 视频还原航天员搭飞船全流程,https://m.163.com/all/article/ENBQ5QB705238RDM.html,小易热线
"被记者问""是否会赦免特朗普"" 拜登笑着转身离开",https://m.163.com/all/article/EN90BS3F0519DDQ2.html,全球速览
婚礼上新郎给岳父敬茶 听到喊“爸”伴郎们同时举杯,https://m.163.com/all/article/EKFS8H1C0523BN8P.html,锐角观察员
河南唐河县烘干塔24小时不停工作 把潮粮加工成干粮,https://m.163.com/all/article/I5UMST7305521MK6.html,大象新闻
桂海潮率先进舱没戴眼镜 笑着冲镜头挥手与队友们击掌,https://m.163.com/all/article/I5UKMMR80517SNLE.html,小易热线
八旬老人18年攒下的21万现金家中被盗 一个月暴瘦15斤,https://m.163.com/all/article/I5UK1U060537IP2E.html,小易热线
女学生被同学骗到宾馆 被多人拍裸照后又遭拆迁户性侵,,汉史趣闻
河南79岁农民手捧发芽小麦抹泪:种的麦子全部都发芽了,https://m.163.com/all/article/I5VPM04B0519D4UH.html,1站视频
拒加入俄白核联盟 哈总统倒背双手讲话被一群人围中央,https://m.163.com/all/article/I5VO9OEI0519U3I5.html,征垣之路
摩托车越过实线超车迎面撞上轿车 人直接被撞飞了,https://m.163.com/all/article/I5UMQNA90537IP2E.html,小火柴视频
广东交警被指酒后执法 官方否认:帽子着装警车都不对,https://m.163.com/all/article/I5UNA3CB0537N9PG.html,点时新闻
湖南6旬农民杀自家两头猪被罚4万 因拒绝缴纳遭起诉,https://m.163.com/all/article/HG0HRHR2001098KT.html,花点时间
女子设局拍下丈夫不雅视频 随后将其折磨40个小时致死,https://m.163.com/all/article/HFM88N4E001098KT.html,汉史趣闻
"男子每周睡前妻两晚睡""小三""五晚 两女侍一夫闹出大事",https://m.163.com/all/article/HFJLS02V001098KT.html,汉史趣闻
媒体：中国防长仍被美国制裁 不会与美防长双边会晤 ,https://m.163.com/all/article/HFBULR9P001098KT.html,新民周刊
"日舰挂""旭日旗""进釜山港 尹锡悦政府被批践踏国民自尊",https://m.163.com/all/article/HF47FKQJ001098KT.html,环球网资讯
中国商务部长当面与日方严正交涉 表达强烈不满,https://m.163.com/all/article/I5VK2MBF051188EA.html,环球网资讯
神舟十六号3名航天员领命出征 桂海潮有个小变化,https://m.163.com/all/article/I5U2ASAB0539AECO.html,上观新闻
神十六航天员朱杨柱高中曾学到凌晨一点 三四点又起床,https://m.163.com/all/article/I5UPPVGC053469RG.html,封面新闻
因市民被罚款45万元 杭州副市长坐上被告席,https://m.163.com/all/article/I5VOLURA00258105.html,每日经济新闻
河南收割机被收高速费 收费站：后期或退费,https://m.163.com/all/article/I5VQ3KLD0519875F.html,新京报
省会市委书记拿鲜花到车站迎接百名博士 背后有深意,https://m.163.com/all/article/I5VQ8VH70512B07B.html,政知新媒体
"陕西""老虎""李金柱被查 曾被传包庇""表哥""杨达才",https://m.163.com/all/article/I5VQ8Q9K0512B07B.html,上观新闻
景海鹏、朱杨柱、桂海潮领命出征,https://m.163.com/all/article/I5VQ83KJ0512B07B.html,新华社
最入门版零百7.5秒 宝马新一代520i亮相,https://m.163.com/all/article/I5TE6PE700059A81.html,网易汽车
预售15.5万起/还配CDC悬架 瑞虎9将于今日上市,https://m.163.com/touch/live.html?roomid=266767,网易汽车
"宝骏""云朵""或6月预售 定位大五座紧凑两厢车",https://m.163.com/all/special/S1657007688092.html,网易汽车
马自达新一代CX-5将2025年发布 搭载混动系统,https://m.163.com/all/special/S1657008000672.html,网易汽车
比亚迪答投资者问：我们常压油箱技术合情合理、合规合法,https://m.163.com/all/article/I5VQ0G140529AQIE.html,网易汽车
售价39.98万元 福特探险者昆仑巅峰版上市,https://m.163.com/all/article/I5VPLEL50529AQIE.html,网易汽车
又一部实力混动 在追风PHEV身上我竟找到了钢炮儿快感,https://m.163.com/all/article/I5VPLCBJ0529AQIE.html,网易汽车
合资车颤抖？比亚迪海豹冠军版剑指B级车销冠,https://m.163.com/all/article/I5VP35OM0529AQIE.html,网易汽车
过去双月，过不去的十大热门事件|网易号时事热文复盘,https://m.163.com/touch/live.html?roomid=266768,网易号平台
周迅邀盘尼西林、海龟先生、Nova Heart，ONENIGHT给小孩Live开票,https://m.163.com/all/article/I5UES8P90534A4SC.html,ONENIGHT给小孩
古人打好井后，为什么要放两只乌龟进去？,https://m.163.com/all/article/I5V0NOUB05198CJN.html,天涯看点历史号
美国众议院弹劾特朗普文件全文翻译,https://m.163.com/all/article/I5U279B90534A4SC.html,世界说
二战中法国的马奇诺防线真的一无用处，完全是个摆设吗？,https://m.163.com/all/article/I5VQA20805118O92.html,深度军事
地中海两个出口，直布罗陀海峡与苏伊士运河，哪个更重要？,https://m.163.com/all/article/I5VQ50GA051181NA.html,风长眼量
村上春树与父亲绝交20年，纳粹的孩子们该如何面对罪孽,https://m.163.com/all/article/I5VQ654I0511A6N9.html,第一财经资讯
你的微信步数，出卖了你,https://m.163.com/all/article/I5VPIA6N0511A6N9.html,王左中右
巧合太多！赵露思刘宇宁疑同游迪士尼,https://m.163.com/all/article/I5TQTFGK000189FH.html,叶公子
尴尬？前TVB情侣分手后首次同台，两人现场零交流,https://m.163.com/all/article/I5VIG4RP000189FH.html,TVB剧评社
张纪中牵手小31岁娇妻出门 女方小腹微凸疑怀三胎,https://m.163.com/all/article/I5VPMODC000189FH.html,盖饭人物
,https://m.163.com/all/article/I5VPUQQ4000189FH.html,
退市阴云笼罩阳光城,https://m.163.com/all/article/I5TRQNQV000189FH.html,和讯网
机器人：“公司在和英伟达合作人形机器人”传言不属实,https://m.163.com/all/article/I5VPUJ1D0001899O.html,三言科技
不是“励志屌丝”吗？现在怎么成“综艺混子”了？,https://m.163.com/all/article/I5VJMVAA00019B3E.html,盖饭人物
久坐伤腰屁股大！换个3D美臀坐垫，护腰又翘臀,https://m.163.com/all/article/I5ULRKBS0514R9OJ.html,8号风曝
成都全职妈妈自装97平三居 双面玄关人见人夸,https://m.163.com/all/article/I5UJTM0A051482MP.html,网易家居原创
北京夫妻花30万爆改38平学区房 竟有两房和大庭院,https://m.163.com/all/article/I5UD0ABK0514FGV8.html,网易家居
儿童房要是没装修好 真的可能会影响孩子性格,https://m.163.com/all/article/I5U4VJQF0534P59R.html,网易家居原创
成都一家三口住190平法式奶油风大宅 简直美绝了,https://m.163.com/all/article/I5U0CCG60001899O.html,网易家居
女设计师靠高颜值家圈粉10万 网友:快从我家出去,https://m.163.com/v/video/VK51TCRFJ.html,网易家居原创
格力“体检”报告：营收早已“掉队”,https://m.163.com/v/video/VS5145CVA.html,虎嗅APP
谁拖累了民生银行？,https://m.163.com/v/video/VK51NPGCV.html,BT财经
负债2700亿！又一家房企锁定退市,https://m.163.com/v/video/VC51NH062.html,证券时报
三大指数集体低开 沪指低开0.21%,https://m.163.com/v/video/VO51GRLBI.html,网易财经
梦洁股份内讧，“湖南富豪”PK“白衣骑士”谁赢？,https://m.163.com/v/video/VK520C5GM.html,野马财经
日本火山列岛地区发生5.6级地震,https://m.163.com/all/photoview/0001/2314518.html,每日经济新闻
锂电池股多数上涨 中国石墨涨近5%,https://m.163.com/all/photoview/0001/2314516.html,每日经济新闻
土耳其里拉兑美元跌至纪录低位20.16,https://m.163.com/all/article/I5TB051L0514BQ68.html,每日经济新闻
让三追四？二十年前，他们就差一点点,https://m.163.com/all/photoview/0001/2314517.html,后厂村体工队
东决G7热火半场52-41绿军 巴特勒11+5双探花20分,https://m.163.com/all/article/I5VQA0DO05148ALS.html,网易体育
法媒:梅西父亲已经接受利雅得新月2年12亿欧合同,https://m.163.com/all/article/I5VQA7G105148ALS.html,直播吧
重返英超！官方：波切蒂诺出任切尔西主帅,https://m.163.com/all/article/I5VQA52405148ALS.html,直播吧
队记：纳斯在主帅面试过程中会见了恩比德 一切都很顺利,https://m.163.com/all/article/I5VQA2D905148ALS.html,直播吧
"陕西""老虎""李金柱被查 曾被传包庇""表哥""杨达才",https://m.163.com/news/article/I5VHFR1S00018AP2.html,上观新闻
"今年有11位""全国优秀县委书记""职务调整 含3位""女将""",https://3g.163.com/news/article/I5UJPR1N051482MP.html,政知新媒体
被问是否反对朝鲜发射弹道导弹 外交部回应,https://m.163.com/news/article/I5U9VAJG0001899O.html,外交部网站
新西兰媒体人晒乘C919抵成都图：为中国感到超级骄傲,https://3g.163.com/news/article/I5TP4KU90514R9OJ.html,环球网资讯
"胡中强履新南部战区陆军司令 曾在""山中猛虎""部队服役",https://3g.163.com/news/article/I5UJP08J051482MP.html,政知新媒体
"南宁""高价停车费""风波1周后 上班停车8.5小时仍需60元",https://m.163.com/news/article/I5UG9G6O0001899O.html,上游新闻
专家：埃尔多安以微弱多数票胜选 反映土深层次问题,https://3g.163.com/news/article/I5UD37JL0514FGV8.html,直新闻
托卡耶夫回应卢卡申科提议：我们没必要加入俄白联盟,https://3g.163.com/news/article/I5UDAS060514R9OJ.html,环球网资讯
云南一镇长被查酒驾3个月后升职 当地纪委监委回应,https://3g.163.com/news/article/I5UE2JNG053469M5.html,上游新闻
李宏庆被查 前任受贿1.7亿被判死缓,https://3g.163.com/news/article/I5UE6A5G055040N3.html,上观新闻
"悬挂""旭日旗""的日本护卫舰驶进釜山港 韩媒:难以接受",,直新闻
陕西省人大常委会原副主任李金柱被查,https://m.163.com/news/article/I5UDDBAF000189PS.html,央视新闻客户端
河南南阳：小麦受损与收割机事件无关联,https://m.163.com/news/article/I5UCBCF60001899O.html,北京青年报-北青网
新加坡副总理称新加坡不盲目照抄他国民主 中方回应,https://3g.163.com/news/article/I5TRSFTG0514R9OJ.html,环球网资讯
同款蛋糕上海卖94元杭州卖165元 山姆超市回应,,每日经济新闻
H&M关闭三里屯旗舰店:今年计划新开100家关闭200家,https://3g.163.com/news/article/I5RSDOK00512B07B.html,每日经济新闻
北约和华约签订的一项“裁军条约” 被普京废止,https://3g.163.com/news/article/I5U4VT9V0512B07B.html,每日经济新闻
日本接到朝鲜通报称将发射卫星 日防相已下令可击落,,环球时报国际
男孩敲下景区钟乳石带走 警方：其监护人将向景区赔偿,https://m.163.com/news/article/I5U3JCNL0001899O.html,上游新闻
"美议员称""俄方正在死人 美花钱成功"" 梅德韦杰夫回应",https://3g.163.com/news/article/I5TVOR2O0514R9OJ.html,环球网资讯
"美议员：支持提高4万亿美元债务上限是""侮辱美国人""",https://3g.163.com/news/article/I5U1FTSE0514R9OJ.html,环球网资讯
"媒体：俄军使""假扮计""脱离乌军包围圈 主将命运最离奇",https://3g.163.com/news/article/I5TQLCF50515CCSC.html,国防时报排头兵
中方就台湾问题拿冲绳打比方 日方表态：冲绳不会独立,,环球时报新闻
黎智英就涉违香港国安法一案申请终止聆讯,https://m.163.com/news/article/I5TUN1GQ0001899O.html,环球网
"美媒称中方要求""允许俄占据现占领的乌领土"" 中方回应",https://m.163.com/news/article/I5TRGCR60001899O.html,财联社
多名90后干部被查 其中两人为国企副总,,每日经济新闻
埃尔多安再度连任：我们不是唯一的赢家 赢家是土耳其,,中国新闻周刊
乌军总司令：乌军击落俄方至少37枚导弹和29架无人机,https://m.163.com/news/article/I5TTQ9J20001899O.html,环球网
朝鲜告知日本卫星发射计划 外交部回应,https://m.163.com/news/article/I5TRPITI0001899O.html,北京日报客户端
"贪官曾企图通过""掮客""帮忙晋升 许诺""升副省长出2亿""",,上观新闻
C919总设计师吴光辉头发几乎全白：精打细算省下几亿,https://m.163.com/news/article/I5TOD9K40001899O.html,上观新闻
"台媒宣称""雄三""导弹可击沉山东舰 台军退将:真是笑话",,环球网资讯
一段乌克兰餐厅视频引发争议 美国网友:援助被贪污了,https://3g.163.com/news/article/I5TKBTQ00514R9OJ.html,环球网资讯
女子被AI盗脸制作淫秽图像 同事：还不是因为你漂亮,,新京报
驴友徒步爬山被雷击：一道闪电劈来 整个人直挺挺倒下,https://3g.163.com/news/article/I5TDMD39051492LM.html,都市快报橙柿互动
桂海潮戴眼镜上太空:2年多时间经受200余项科目考核,,齐鲁壹点
"南阳回应""上百台收割机滞留高速""：一些机手没办手续",,每日经济新闻
美媒：债务协议考验麦卡锡 他可能失去一切,https://3g.163.com/news/article/I5SOQ54M0514R9OJ.html,环球网资讯
桂海潮将执行神十六任务 发小：他读书时拿奖拿到手软,,齐鲁壹点
神舟十六号将于明日9时31分发射 飞行乘组公布,https://m.163.com/news/article/I5T4S8AV000189PS.html,央视新闻
东风汽车：公司与武汉市财政局无债权债务关系,https://m.163.com/news/article/I5T3FBRN0001899O.html,界面新闻
"俄对乌开出停火""四要求""：基辅需承认""新的领土现实""",,每日经济新闻
牛弹琴：获胜的埃尔多安兴奋发文 西方很失望又很无奈,https://m.163.com/news/article/I5T0VSAG0001899O.html,上观新闻
"外媒关注C919商业首飞成功：""打破垄断""成议论焦点",https://3g.163.com/news/article/I5SPE0RS0514R9OJ.html,环球网资讯
基辛格：美国两届总统都想迫使中国让步 这非常错误,https://3g.163.com/news/article/I5SPE17E0514R9OJ.html,环球网资讯
"紧盯李辉大使欧洲之行的美媒造谣 被乌外长亲自""打脸""",https://3g.163.com/news/article/I5S3RVDK0514R9OJ.html,环球网资讯
埃尔多安再次当选土总统 普京、泽连斯基等表示祝贺,https://3g.163.com/news/article/I5STFSTB0514R9OJ.html,环球网资讯
俄媒:俄驻英大使称已准备好与乌和平谈判 但有2个条件,https://3g.163.com/news/article/I5RPEJ6I0514R9OJ.html,环球网资讯
"媒体:英国议员在妓院醒来 发现衣服被拿称""遭中俄陷害""",https://3g.163.com/news/article/I5RJ9KGK05504DPG.html,环球时报新闻
C919商业首航成功 首排四位乘客身份被披露,,澎湃新闻
"媒体：西方作为一个整体承受不起与中国""脱钩""的代价",https://3g.163.com/news/article/I5RGKCPH0512DU6N.html,新民晚报
未牵绳大狗纠缠女孩 保洁阿姨保护时被抓伤 警方回应,https://3g.163.com/news/article/I5R9KV660534P59R.html,潇湘晨报
"山东舰穿越台湾海峡北上 台军演习应对双航母""攻台""",https://3g.163.com/news/article/I5RSIR6K0514FGV8.html,直新闻
"巡察组进驻期间国企""一把手""接受有偿陪侍 纪委介入",,政知新媒体
李尚福会见刚果（金）国防部长 有个重要背景,,政知新媒体
俄外长:西方向乌提供F-16战机会令局势不可接受地升级,,参考消息
"""五月天""演唱会疑克扣志愿者伙食:盒饭只有蛋炒饭咸菜",https://3g.163.com/news/article/I5RG1ULA053469M5.html,上游新闻
"美国达成提高债务上限初步协议 白宫离""关门""远了一步",https://3g.163.com/news/article/I5RGE7SJ0512DU6N.html,新民晚报
"央视披露安徽泗县拆迁腐败窝案：""一把手""带头贪污",https://m.163.com/news/article/I5RA7I8S00018AOQ.html,上观新闻
4岁男孩撑伞从26楼跳下险丧命 媒体:别再只怪动画片了,https://3g.163.com/news/article/I5R3PUOI0550A0OW.html,新民周刊
"乌军：俄出动54架无人机 对基辅进行了""最大规模""袭击",https://m.163.com/news/article/I5RAJIK20001899O.html,环球网
C919降落之前 航空爱好者齐聚首都机场等待激动时刻,https://3g.163.com/news/article/I5R4PB26055040N3.html,上观新闻
"员工要11.6万加班费被公司称""恶意加班""拒付 法院判了",https://3g.163.com/news/article/I5R8TQMV0512B07B.html,每日经济新闻
国企领导在夜总会接受有偿陪侍被查 前任3年前被双开,https://m.163.com/news/article/I5R8JRQI0001899O.html,红星新闻
德国：俄罗斯要求数百名德公务人员离境  ,https://m.163.com/news/article/I5R8QUOI0001899O.html,新华社
C919首次成功商飞 波音发文祝贺,,环球网资讯
国产大飞机C919圆满完成商业航班首飞,https://m.163.com/news/article/I5QUEKI1000189PS.html,新华社
美议员：俄罗斯人正在死亡 我们从未这么成功地花过钱,,环球网资讯
浙江富商失踪成老赖 名下评估价近4千万的无人岛流拍,https://m.163.com/news/article/I5QQNFSM0001899O.html,上游新闻
记者体验C919:飞行中可现煮咖啡 内部照明有10种模式,,齐鲁壹点
"通过审计发现前高管2年""领用""1898瓶茅台 公司报警",,每日经济新闻
美国达成债务上限协议 麦卡锡最新发声,,每日经济新闻
布林肯罕见帮武契奇说话 公开谴责科索沃的武力行动,https://3g.163.com/news/article/I5QKF6PK0552G199.html,枢密院十号
"硅谷亿万富豪们为""长生不老""拼了:有人每天吃60颗药",https://3g.163.com/news/article/I5QJ21B10512DU6N.html,新民晚报
牛弹琴：美国又来恐吓中国了 这次选的角度很不一般 ,https://m.163.com/news/article/I5QIB9SA0001899O.html,上观新闻
美国白宫和共和党谈判代表达成债务上限协议,https://m.163.com/news/article/I5QGD9110001899O.html,财联社
"律师:将闫啸天案简单称为""大学生掏鸟"" 这是避重就轻",,大象新闻
24岁男生膝盖扭伤后被确诊肺栓塞 去世后捐器官救多人,,新京报
"小伙被骗至缅北3年逃脱 当地诈骗团伙发""40万悬赏令""",,封面新闻
"媒体：民进党当局勾连英国""生菜首相""窜台 把戏演砸了",,环球网资讯
陕西一校长称被教育局长喊人殴打 警方通报,https://m.163.com/news/article/I5PGJ9DP0001899O.html,宝鸡金台公安
基辛格：人类的命运取决于美国和中国能否和平相处,,新京报外事儿
上海一业主搭1.8㎡违建 如今卖不了房悔不当初,,上观新闻
媒体：李辉特使出访行程结束 未公布成果但很有意义,https://3g.163.com/news/article/I5PAQ2420514FGV8.html,直新闻
美国国务院发言人污蔑抹黑中国 华春莹发文驳斥,,环球网资讯
9岁男孩失踪13年后尸骨现身山林地缝 两名村妇被调查,https://m.163.com/news/article/I5OG83J60001899O.html,上观新闻
河北一派出所内烟花爆炸致4死 事发地部分建筑坍塌,https://m.163.com/news/article/I5PAIO3K0001899O.html,大皖新闻
两位省厅厅长同日履新 一人任职当天就接受专访,https://3g.163.com/news/article/I5P8C2R8051482MP.html,政知新媒体
女子花3万找对象不成写差评 婚介所：给她介绍了19人,,南国今报
俄罗斯外交部警告：不排除与英国断交这一极端措施,https://m.163.com/news/article/I5P1H3KG0001899O.html,环球网
乌媒:乌国安局长承认克里米亚大桥爆炸事件与乌方有关,https://m.163.com/news/article/I5OSGPGI0001899N.html,界面新闻
乌官员：乌军已准备好发动反攻 可能于一周内开始,https://m.163.com/news/article/I5OLPV750001899O.html,财联社
广东6男孩被骗到缅甸失联20余天 警方：手机均关机 ,https://m.163.com/news/article/I5OLBM4P0001899O.html,澎湃新闻
媒体:美国解禁F-16战机 泽连斯基进行了一次成功冒险,,中国新闻周刊
自己买的宅基地别人却拥有宅基证 40年后老人怒拆房屋,https://m.163.com/news/article/I5OITBO50001899O.html,上游新闻
杭州大伯拎塑料袋赶到派出所:里面有3个弹匣91发子弹,https://3g.163.com/news/article/I5NTTHJI051492LM.html,都市快报橙柿互动
迎来百岁生日 基辛格：中国寻求的是安全而非统治世界,,环球网资讯
年初至今数名90后干部被查 学者：不少在重要岗位任职,,中国新闻周刊
淄博市委书记率队到合肥学习考察,,新京报
"不给F-16""毒刺""却先到了 郭正亮:美国是为了""城镇战""",,枢密院十号
"""掏鸟案""当事人闫啸天已出狱回家 服刑期间三次获减刑",https://m.163.com/news/article/I5O5L4FC0001899O.html,齐鲁晚报网
商人6年间被4次换罪名后获无罪 申请千万国赔获赔6万,,潇湘晨报
在校大学生网购虫子 塞进零食里找商家索赔43次被刑拘,https://m.163.com/news/article/I5O3FPK90001899O.html,央广网
马英九与侯友宜会面表达全力支持 称全党都是他的后盾,,海峡导报社
"""掏鸟案""的另一位当事人此前已出狱：我现在心可硬了",,齐鲁壹点
牛弹琴：基辛格100岁了 但现在的美国似乎不再需要他,https://m.163.com/news/article/I5NVHOJJ0001899O.html,上观新闻
谢锋大使会见基辛格：表达中方对他百岁寿辰的祝贺,https://m.163.com/news/article/I5NTRNPD000189PS.html,央视新闻客户端
两名登山者为救人放弃登顶珠峰：额外给向导一万美元,https://3g.163.com/news/article/I5NRT9VJ0514R9OJ.html,环球网资讯
塞尔维亚总统武契奇宣布将辞去执政党主席职务 ,https://m.163.com/news/article/I5NR1DUD0001899O.html,新华社
中国商务部部长王文涛会见美国贸易代表戴琪 ,https://m.163.com/news/article/I5NQ2A53000189PS.html,央视新闻客户端
马哈蒂尔：我们想跟中国友好 但美国要所有人对抗中国,https://3g.163.com/news/article/I5MRQ8CG0514R9OJ.html,环球网资讯
中国特使李辉在俄外交部逗留90分钟 与拉夫罗夫会谈,https://3g.163.com/news/article/I5NPD2770514R9OJ.html,环球网资讯
专家：白宫对华政策出现分歧原因不简单 美国进退维艰,https://3g.163.com/news/article/I5MF4LVT0514FGV8.html,直新闻
登山者：珠峰遇难男子死前称眼睛看不见 向导扔下了他,,中国新闻周刊
辽宁警界三任厅长被拿下后 省公安厅再提从严治警,,政知新媒体
英政府报告要求废除香港国安法 外交部：英方梦还没醒,https://m.163.com/news/article/I5MJ99HH00019K82.html,中华人民共和国外交部
"长沙警方通报""一家5口家中死亡""：男子杀害家人后自杀",https://m.163.com/news/article/I5M7OHAL0001899O.html,开福公安
老人病逝留一套上海住宅 23年没来往的继子获天降遗产,https://3g.163.com/news/article/I5M20I1V055040N3.html,上观新闻
专家：中韩关系确实出问题了 而且问题还不小,https://3g.163.com/news/article/I5MS047N0514FGV8.html,直新闻
"俄媒：美国副国务卿承认 近半年美都在帮乌策划""反攻""",https://3g.163.com/news/article/I5MGT0JP0514R9OJ.html,环球网资讯
美官员承认盟友不想卷入美中冲突：拜登愿给喘息空间,https://3g.163.com/news/article/I5MF1R0E0514R9OJ.html,环球网资讯
两名省级公安厅厅长同日履新 该职务全国仅余一省空缺,,政知新媒体
事关全国关注的大事 省部级在直播现场上台发声,,政知新媒体
"美国科技巨头谷歌上架""奴隶制模拟器""的游戏 激怒巴西",https://3g.163.com/news/article/I5MCDDJV0512DU6N.html,新民晚报
"上海两车""斗气"" 法律界人士：蓝车在后半段危险性更大",https://m.163.com/news/article/I5MFC05K00019K82.html,上游新闻
广东惠州楼盘打折创纪录最低4.8折 官方：市场行为,https://m.163.com/news/article/I5MFIV4I0001899N.html,澎湃新闻
"阿里辟谣裁员 曾有传言""杭州未科邻居跑路3.5万卖房""",https://3g.163.com/news/article/I5LTGG9K051492LM.html,都市快报橙柿互动
拜登提名的首席军事顾问：骁勇善战 深谙中国事务,https://3g.163.com/news/article/I5M951HC055040N3.html,上观新闻
韩自主研发火箭载星发射成功 尹锡悦：韩国成航天强国,https://3g.163.com/news/article/I5M8HRL1055040N3.html,上观新闻
"美首批交付的""毒刺""导弹抵台 外交部：非常危险的举动",https://m.163.com/news/article/I5M594JE0001899O.html,环球网
泽连斯基在克里米亚的公寓将被收归俄国有 并将被出售,https://3g.163.com/news/article/I5M0AV860514R9OJ.html,环球网资讯
美最高将领：援乌F-16不是法宝 俄有1000架第四代战机,https://3g.163.com/news/article/I5M0AT9I0514R9OJ.html,环球网资讯
"重庆一小区向全国游客""求饶"" 高峰时每天3万人来打卡",https://m.163.com/news/article/I5M0RDNQ00018AP2.html,上观新闻
"媒体：美国对韩国芯片在华销售提要求 韩国不想""听话""",https://3g.163.com/news/article/I5LQM9NK0514FGV8.html,直新闻
"淄博烧烤开始""降温"" 当地商家：再不降温我们也受不了",https://3g.163.com/news/article/I5M07AEE053469M5.html,上游新闻
俄在白俄部署核武 身在莫斯科的卢卡申科：回去时看下,,直新闻
"""70后""副市长任上落马：15岁上大学 19岁当公务员",,上观新闻
"今年已有15省份公安厅""一把手""调整 尚有一省暂空缺",https://3g.163.com/news/article/I5LNBMIT055040N3.html,上观新闻
男孩要求判父亲死刑：母亲被他烧死 一想到就咬牙切齿,https://3g.163.com/news/article/I5LFS1G40514R9P4.html,澎湃新闻
特斯拉车顶维权女车主两案败诉：法院驳回诉讼请求,,每日经济新闻
唐山女子砍伤警察后续：丈夫被错误羁押164天申请复议,https://m.163.com/news/article/I5LPBHUR0001899O.html,红星新闻
"涉案金额超1600万 400万粉丝财经大V徐晓峰""栽了""",https://3g.163.com/news/article/I5KH2LS50512B07B.html,每日经济新闻
"美国防部官员:不支持""台独"" 解放军实力让美方感到紧迫",https://m.163.com/news/article/I5LN4NP400018AOQ.html,上观新闻
攀登者为救女子放弃登顶珠峰：她只剩一口气 不救会死,https://m.163.com/news/article/I5LK0EM700019B3E.html,上观新闻
福建一医院员工天台上吊身亡 家属:死者被扣工资1年多,https://m.163.com/news/article/I5LNE45F0001899O.html,封面新闻
中国驻美大使谢锋履新后发推：已递交国书副本,,环球网资讯
俄方挫败3艘乌无人艇攻击 美俄媒体得出同一个结论,https://3g.163.com/news/article/I5KI97450552G199.html,枢密院十号
中国在南沙三岛礁布设灯浮标:部分与菲所设的浮标重叠,https://3g.163.com/news/article/I5KI0Q2C0552G199.html,枢密院十号
乌克兰高级官员声称普京是头号暗杀目标 克宫回应,https://3g.163.com/news/article/I5LK3O150514R9OJ.html,环球网资讯
中国驻韩大使：中韩关系有进一步恶化风险 我非常忧心,https://m.163.com/news/article/I5LJEOL90001899O.html,界面新闻
"网友收到""上门强制枪毙""诈骗短信 北京警方：无语死了",https://3g.163.com/news/article/I5LC4LPE053469M5.html,上游新闻
父亲去世获赔145万 兄弟俩直播打赏账户花得只剩4分钱,,新民晚报
"即将百岁的基辛格 担心拜登特朗普身体在大选""吃不消""",https://m.163.com/news/article/I5LGMFVN0001899O.html,环球网
"美国""中国组""负责人辞职：组内士气低迷 还有人要离职",https://3g.163.com/news/article/I5L7B83M0514R9OJ.html,环球网资讯
"地产圈""打工皇帝""从甲方变乙方 2000万年薪降到200万",,每日经济新闻
A股上市公司实控人离婚 140亿元市值股票全部归女方,https://3g.163.com/news/article/I5KH2ML50512B07B.html,每日经济新闻
"泽连斯基:俄罗斯36架无人机""恐吓""乌克兰 全部被击落",,看看新闻Knews
青海货车司机失联多日无音信:车停逆向车道 玻璃碎了,,都市快报橙柿互动
王文涛会见美国商务部长 就半导体政策等表达重点关切,https://m.163.com/news/article/I5LAL8S10001899O.html,财联社
"上海两车""斗气"" 教授：黄车司机或被定危害公共安全罪",,每日经济新闻
美军司令被解放军少将当面反驳3分钟：我同意你说的话,https://m.163.com/news/article/I5L9LJUU00019B3E.html,北京日报客户端-长安街知事
牛弹琴：在最血腥的巴赫穆特战场上 乌方传来好消息,https://m.163.com/news/article/I5L8NPJ700019B3E.html,北京日报客户端
媒体：美国一周内作出两个涉台大动作 时机引发关注,,看看新闻Knews
"上海两车""斗气""后续：黄车非特种车辆 事发时不在作业",,上观新闻
"中美部长在华盛顿会晤 美媒:两国""融冰""迹象接连出现",https://m.163.com/news/article/I5L6AJRJ0001899O.html,环球网
英国唐宁街大门遭汽车冲撞 一男子被捕,https://m.163.com/news/article/I5KG6GK80001899O.html,环球网
"货车""改型""被罚2万 司机：给小卖部老板转8百降到5千",,上游新闻
离京援藏近4年 公安部刑侦局副局长陈士渠在北京参会,https://3g.163.com/news/article/I5K2QEIL051482MP.html,政知新媒体
